ID,strain,replicate,technical_replicate,Drug,time,RAD80,RAD50,RAD20,FoG80,FoG50,FoG20,slope,Person
y106_0_48_1,y106,1,,,0,10,11,12,0.05,0.08,0.13,175.5,Q
y106_0_48_10,y106,10,,,0,10,11,12,0.08,0.07,0.1,241.2,Q
y106_0_48_11,y106,11,,,0,10,10,11,0.1,0.09,0.11,221.6,Q
y106_0_48_12,y106,12,,,0,9,10,11,0.14,0.11,0.12,245.3,Q
y106_0_48_2,y106,2,,,0,10,11,11,0.1,0.11,0.1,203.2,Q
y106_0_48_3,y106,3,,,0,9,10,11,0.14,0.12,0.15,266.8,Q
y106_0_48_4,y106,4,,,0,10,11,12,0.06,0.08,0.12,232.4,Q
y106_0_48_7,y106,7,,,0,10,11,12,0.06,0.06,0.09,234.9,Q
y106_0_48_8,y106,8,,,0,11,12,13,0.06,0.08,0.12,244.5,Q
y106_0_48_9,y106,9,,,0,12,12,13,0.07,0.06,0.09,234.6,Q
y106_5_48_12_1_A,y106,1,A,0.12,5,1,13,15,,0.59,0.39,159.7,Q
y106_5_48_12_1_B,y106,1,B,0.12,5,4,13,15,0.66,0.51,0.34,136.8,Q
y106_5_48_12_10_A,y106,10,A,0.12,5,1,1,1,,,,0,Q
y106_5_48_12_10_B,y106,10,B,0.12,5,1,1,1,,,,0,Q
y106_5_48_12_11_A,y106,11,A,0.12,5,8,13,15,0.18,0.28,0.26,93.9,Q
y106_5_48_12_11_B,y106,11,B,0.12,5,10,12,14,0.41,0.26,0.22,144.6,Q
y106_5_48_12_12_A,y106,12,A,0.12,5,1,12,13,,0.58,0.43,80,Q
y106_5_48_12_12_B,y106,12,B,0.12,5,1,12,14,,0.57,0.45,30.6,Q
y106_5_48_12_2_A,y106,2,A,0.12,5,6,13,14,0.34,0.38,0.29,96.2,Q
y106_5_48_12_2_B,y106,2,B,0.12,5,10,14,15,0.32,0.23,0.23,104.3,Q
y106_5_48_12_3_A,y106,3,A,0.12,5,1,1,1,,,,1,Q
y106_5_48_12_4_A,y106,4,A,0.12,5,0,13,16,,0.76,0.53,42.6,Q
y106_5_48_12_4_B,y106,4,B,0.12,5,5,15,17,0.66,0.43,0.35,82.7,Q
y106_5_48_12_5_A,y106,5,A,0.12,5,5,12,14,0.32,0.45,0.36,64.3,Q
y106_5_48_12_5_B,y106,5,B,0.12,5,8,12,13,0.23,0.25,0.2,116.8,Q
y106_5_48_12_6_A,y106,6,A,0.12,5,0,7,17,,0.89,0.69,20.6,Q
y106_5_48_12_6_B,y106,6,B,0.12,5,0,12,16,,0.81,0.58,32.4,Q
y106_5_48_12_7_A,y106,7,A,0.12,5,7,16,23,0.8,0.5,0.46,43.3,Q
y106_5_48_12_7_B,y106,7,B,0.12,5,1,14,16,,0.77,0.61,15.8,Q
y106_5_48_12_8_A,y106,8,A,0.12,5,9,14,16,0.44,0.35,0.25,136.3,Q
y106_5_48_12_8_B,y106,8,B,0.12,5,13,15,16,0.46,0.22,0.2,141.4,Q
y106_5_48_12_9_A,y106,9,A,0.12,5,10,14,16,0.45,0.33,0.24,125.4,Q
y106_5_48_12_9_B,y106,9,B,0.12,5,12,15,17,0.67,0.32,0.26,119.3,Q
y106_5_48_48_1_A,y106,1,A,0.5,5,12,13,14,0.39,0.22,0.21,184.4,Q
y106_5_48_48_1_B,y106,1,B,0.5,5,12,13,14,0.27,0.14,0.13,247.8,Q
y106_5_48_48_10_A,y106,10,A,0.5,5,12,14,22,0.05,0.11,0.34,129.5,Q
y106_5_48_48_10_B,y106,10,B,0.5,5,6,13,14,0.34,0.31,0.28,111.2,Q
y106_5_48_48_11_A,y106,11,A,0.5,5,13,13,14,0.06,0.06,0.09,269.4,Q
y106_5_48_48_11_B,y106,11,B,0.5,5,12,14,14,0.05,0.09,0.08,255.5,Q
y106_5_48_48_12_A,y106,12,A,0.5,5,12,14,14,0.26,0.17,0.17,7.4,Q
y106_5_48_48_12_B,y106,12,B,0.5,5,14,16,16,0.37,0.23,0.23,5.4,Q
y106_5_48_48_2_A,y106,2,A,0.5,5,4,12,13,0.47,0.51,0.39,77,Q
y106_5_48_48_2_B,y106,2,B,0.5,5,8,13,14,0.23,0.29,0.23,135.8,Q
y106_5_48_48_3_A,y106,3,A,0.5,5,12,16,19,0.57,0.31,0.32,85.4,Q
y106_5_48_48_3_B,y106,3,B,0.5,5,11,16,19,0.63,0.34,0.34,66.9,Q
y106_5_48_48_4_A,y106,4,A,0.5,5,7,13,15,0.21,0.34,0.28,94.7,Q
y106_5_48_48_4_B,y106,4,B,0.5,5,6,14,15,0.36,0.33,0.28,96.9,Q
y106_5_48_48_5_A,y106,5,A,0.5,5,1,1,1,,,,3.8,Q
y106_5_48_48_5_B,y106,5,B,0.5,5,1,1,1,,,,0.2,Q
y106_5_48_48_6_B,y106,6,B,0.5,5,2,13,13,1,0.51,0.48,24.7,Q
y106_5_48_48_7_A,y106,7,A,0.5,5,13,14,15,0.06,0.08,0.11,247.7,Q
y106_5_48_48_7_B,y106,7,B,0.5,5,13,14,15,0.05,0.07,0.1,208.5,Q
y106_5_48_48_8_A,y106,8,A,0.5,5,5,15,18,0.7,0.46,0.36,46.5,Q
y106_5_48_48_8_B,y106,8,B,0.5,5,12,17,18,0.6,0.35,0.33,39.8,Q
y106_5_48_48_9_A,y106,9,A,0.5,5,13,14,15,0.06,0.07,0.11,246,Q
y106_5_48_48_9_B,y106,9,B,0.5,5,13,14,15,0.05,0.07,0.1,252.4,Q
y048_0_48_1,y048,1,,,0,3,9,10,0.4,0.49,0.39,87.1,Q
y048_0_48_10,y048,10,,,0,4,9,11,0.42,0.49,0.39,89.8,Q
y048_0_48_11,y048,11,,,0,1,3,9,,0.66,0.62,41.2,Q
y048_0_48_12,y048,12,,,0,3,9,10,0.55,0.48,0.4,77.5,Q
y048_0_48_3,y048,3,,,0,4,8,10,0.48,0.52,0.42,86.5,Q
y048_0_48_4,y048,4,,,0,0,4,8,,0.78,0.63,57.3,Q
y048_0_48_5,y048,5,,,0,3,6,10,0.56,0.45,0.46,79.9,Q
y048_0_48_6,y048,6,,,0,0,3,10,,0.93,0.66,49,Q
y048_0_48_8,y048,8,,,0,2,8,10,0.83,0.65,0.48,64.9,Q
y048_0_48_9,y048,9,,,0,0,1,10,,,0.7,32,Q
y048_5_48_12_1_A,y048,1,A,0.12,5,0,2,10,,0.75,0.7,34.1,Q
y048_5_48_12_1_B,y048,1,B,0.12,5,1,10,12,,0.7,0.5,54.6,Q
y048_5_48_12_10_A,y048,10,A,0.12,5,10,15,22,0.25,0.34,0.39,91.2,Q
y048_5_48_12_10_B,y048,10,B,0.12,5,0,10,11,,0.77,0.54,126.9,Q
y048_5_48_12_11_A,y048,11,A,0.12,5,0,0,12,,,0.7,25.3,Q
y048_5_48_12_11_B,y048,11,B,0.12,5,0,4,11,,0.71,0.64,30.7,Q
y048_5_48_12_12_A,y048,12,A,0.12,5,0,0,11,,,0.76,34.4,Q
y048_5_48_12_2_A,y048,2,A,0.12,5,0,4,10,,0.76,0.61,49.2,Q
y048_5_48_12_2_B,y048,2,B,0.12,5,3,10,11,0.89,0.58,0.44,98.1,Q
y048_5_48_12_3_A,y048,3,A,0.12,5,0,0,9,,,0.77,29.8,Q
y048_5_48_12_4_A,y048,4,A,0.12,5,0,10,12,,0.76,0.53,65.3,Q
y048_5_48_12_4_B,y048,4,B,0.12,5,0,10,12,,0.81,0.53,62.4,Q
y048_5_48_12_5_A,y048,5,A,0.12,5,0,10,14,,0.73,0.6,47.6,Q
y048_5_48_12_5_B,y048,5,B,0.12,5,0,10,11,,0.83,0.6,41.4,Q
y048_5_48_12_6_A,y048,6,A,0.12,5,0,8,10,,0.83,0.54,126.4,Q
y048_5_48_12_7_A,y048,7,A,0.12,5,0,0,9,,,0.85,99.3,Q
y048_5_48_12_7_B,y048,7,B,0.12,5,0,7,11,,0.67,0.54,90.6,Q
y048_5_48_12_8_A,y048,8,A,0.12,5,0,0,11,,,0.64,64.5,Q
y048_5_48_12_8_B,y048,8,B,0.12,5,0,10,12,,0.8,0.54,84.2,Q
y048_5_48_12_9_A,y048,9,A,0.12,5,0,0,11,,,0.76,23,Q
y048_5_48_12_9_B,y048,9,B,0.12,5,0,10,12,,0.81,0.56,40.7,Q
y048_5_48_48_1_A,y048,1,A,0.5,5,0,7,10,,0.88,0.61,65,Q
y048_5_48_48_1_B,y048,1,B,0.5,5,0,1,11,,,0.72,41.3,Q
y048_5_48_48_10_A,y048,10,A,0.5,5,0,2,11,,1,0.69,55.3,Q
y048_5_48_48_10_B,y048,10,B,0.5,5,0,10,12,,0.79,0.55,67.3,Q
y048_5_48_48_11_A,y048,11,A,0.5,5,0,1,11,,,0.7,41.9,Q
y048_5_48_48_11_B,y048,11,B,0.5,5,0,9,11,,0.87,0.62,78.4,Q
y048_5_48_48_12_A,y048,12,A,0.5,5,0,4,11,,0.73,0.61,65.6,Q
y048_5_48_48_12_B,y048,12,B,0.5,5,0,10,11,,0.69,0.5,110.5,Q
y048_5_48_48_2_A,y048,2,A,0.5,5,0,9,11,,0.8,0.54,92.4,Q
y048_5_48_48_2_B,y048,2,B,0.5,5,0,4,11,,0.77,0.61,41.9,Q
y048_5_48_48_3_A,y048,3,A,0.5,5,0,9,11,,0.75,0.5,145.5,Q
y048_5_48_48_4_A,y048,4,A,0.5,5,0,10,11,,0.67,0.49,49.3,Q
y048_5_48_48_4_B,y048,4,B,0.5,5,0,6,12,,0.9,0.62,39.8,Q
y048_5_48_48_5_A,y048,5,A,0.5,5,0,0,1,,,,33.7,Q
y048_5_48_48_5_B,y048,5,B,0.5,5,1,9,11,,0.77,0.52,62.6,Q
y048_5_48_48_6_A,y048,6,A,0.5,5,0,9,11,,0.87,0.57,123.9,Q
y048_5_48_48_6_B,y048,6,B,0.5,5,0,1,10,,,0.72,33.7,Q
y048_5_48_48_7_A,y048,7,A,0.5,5,0,10,11,,0.73,0.53,144.2,Q
y048_5_48_48_7_B,y048,7,B,0.5,5,0,4,11,,0.92,0.64,48,Q
y048_5_48_48_8_A,y048,8,A,0.5,5,3,9,11,0.75,0.6,0.44,87,Q
y048_5_48_48_8_B,y048,8,B,0.5,5,1,6,11,,0.64,0.53,74.5,Q
y048_5_48_48_9_A,y048,9,A,0.5,5,0,6,12,,0.73,0.57,83.7,Q
y048_5_48_48_9_B,y048,9,B,0.5,5,0,2,12,,0.82,0.68,38.3,Q
y079_0_48_1,y079,1,,,0,9,10,10,0.06,0.1,0.1,223.2,Q
y079_0_48_10,y079,10,,,0,8,9,10,0.05,0.08,0.14,253.3,Q
y079_0_48_11,y079,11,,,0,8,9,10,0.05,0.08,0.15,186.5,Q
y079_0_48_2,y079,2,,,0,9,9,10,0.07,0.07,0.12,246.6,Q
y079_0_48_3,y079,3,,,0,8,9,10,0.05,0.09,0.16,274.6,Q
y079_0_48_4,y079,4,,,0,8,9,9,0.05,0.08,0.08,201.1,Q
y079_0_48_5,y079,5,,,0,9,9,11,0.07,0.07,0.19,298.1,Q
y079_0_48_7,y079,7,,,0,9,10,10,0.06,0.08,0.08,200.8,Q
y079_0_48_8,y079,8,,,0,9,10,10,0.06,0.08,0.08,213.7,Q
y079_0_48_9,y079,9,,,0,9,9,10,0.06,0.05,0.09,210.7,Q
y079_5_48_12_1_A,y079,1,A,0.12,5,5,7,8,0.21,0.22,0.26,126,Q
y079_5_48_12_1_B,y079,1,B,0.12,5,7,8,10,0.07,0.1,0.22,121.4,Q
y079_5_48_12_10_A,y079,10,A,0.12,5,7,7,9,0.11,0.1,0.22,137.3,Q
y079_5_48_12_10_B,y079,10,B,0.12,5,7,7,8,0.16,0.14,0.15,134.5,Q
y079_5_48_12_11_A,y079,11,A,0.12,5,4,9,17,0.79,0.49,0.58,55.6,Q
y079_5_48_12_11_B,y079,11,B,0.12,5,3,9,10,0.6,0.47,0.38,75.6,Q
y079_5_48_12_12_A,y079,12,A,0.12,5,6,8,9,0.2,0.2,0.2,163.8,Q
y079_5_48_12_12_B,y079,12,B,0.12,5,6,8,9,0.12,0.19,0.18,149.6,Q
y079_5_48_12_2_A,y079,2,A,0.12,5,7,8,9,0.05,0.07,0.14,206.9,Q
y079_5_48_12_2_B,y079,2,B,0.12,5,8,8,9,0.07,0.06,0.11,198.6,Q
y079_5_48_12_3_A,y079,3,A,0.12,5,9,10,10,0.15,0.14,0.13,149,Q
y079_5_48_12_3_B,y079,3,B,0.12,5,9,10,11,0.19,0.14,0.17,121.7,Q
y079_5_48_12_4_A,y079,4,A,0.12,5,9,10,12,0.37,0.23,0.27,75.3,Q
y079_5_48_12_4_B,y079,4,B,0.12,5,11,12,13,0.27,0.17,0.17,121.6,Q
y079_5_48_12_5_A,y079,5,A,0.12,5,7,9,11,0.44,0.31,0.34,81.5,Q
y079_5_48_12_5_B,y079,5,B,0.12,5,7,10,11,0.17,0.21,0.21,81.9,Q
y079_5_48_12_6_A,y079,6,A,0.12,5,7,8,10,0.08,0.09,0.21,119.1,Q
y079_5_48_12_6_B,y079,6,B,0.12,5,7,8,9,0.03,0.06,0.13,116.1,Q
y079_5_48_12_7_A,y079,7,A,0.12,5,9,10,11,0.1,0.12,0.17,216.5,Q
y079_5_48_12_7_B,y079,7,B,0.12,5,9,10,11,0.05,0.07,0.12,175.2,Q
y079_5_48_12_8_A,y079,8,A,0.12,5,9,10,17,0.05,0.08,0.36,53.1,Q
y079_5_48_12_8_B,y079,8,B,0.12,5,9,10,11,0.08,0.1,0.14,97.8,Q
y079_5_48_12_9_A,y079,9,A,0.12,5,7,9,10,0.21,0.21,0.21,128.6,Q
y079_5_48_12_9_B,y079,9,B,0.12,5,7,10,11,0.11,0.19,0.22,136.5,Q
y079_5_48_48_1_A,y079,1,A,0.5,5,7,8,9,0.14,0.16,0.15,174.4,Q
y079_5_48_48_1_B,y079,1,B,0.5,5,8,10,11,0.08,0.16,0.18,126.1,Q
y079_5_48_48_10_A,y079,10,A,0.5,5,6,9,10,0.24,0.27,0.23,135.4,Q
y079_5_48_48_10_B,y079,10,B,0.5,5,7,10,12,0.19,0.24,0.25,134.8,Q
y079_5_48_48_11_A,y079,11,A,0.5,5,7,10,11,0.1,0.18,0.19,140.6,Q
y079_5_48_48_11_B,y079,11,B,0.5,5,8,9,11,0.14,0.13,0.19,154.9,Q
y079_5_48_48_12_A,y079,12,A,0.5,5,6,8,9,0.16,0.2,0.2,129,Q
y079_5_48_48_12_B,y079,12,B,0.5,5,8,10,12,0.11,0.2,0.23,108.2,Q
y079_5_48_48_2_A,y079,2,A,0.5,5,6,8,9,0.28,0.26,0.24,133.2,Q
y079_5_48_48_2_B,y079,2,B,0.5,5,7,10,11,0.14,0.2,0.21,130.1,Q
y079_5_48_48_3_A,y079,3,A,0.5,5,5,7,8,0.22,0.29,0.26,124.8,Q
y079_5_48_48_4_A,y079,4,A,0.5,5,4,7,9,0.4,0.39,0.35,103.8,Q
y079_5_48_48_4_B,y079,4,B,0.5,5,4,6,8,0.43,0.37,0.36,109,Q
y079_5_48_48_5_A,y079,5,A,0.5,5,6,8,9,0.12,0.21,0.21,121.9,Q
y079_5_48_48_5_B,y079,5,B,0.5,5,7,9,11,0.14,0.22,0.25,95.1,Q
y079_5_48_48_6_A,y079,6,A,0.5,5,7,11,12,0.05,0.24,0.23,67.2,Q
y079_5_48_48_6_B,y079,6,B,0.5,5,9,12,14,0.1,0.18,0.24,25.7,Q
y079_5_48_48_7_A,y079,7,A,0.5,5,5,8,9,0.31,0.34,0.31,119.3,Q
y079_5_48_48_7_B,y079,7,B,0.5,5,5,8,9,0.22,0.29,0.24,121.1,Q
y079_5_48_48_8_A,y079,8,A,0.5,5,3,7,10,0.57,0.52,0.46,59,Q
y079_5_48_48_8_B,y079,8,B,0.5,5,5,9,11,0.31,0.38,0.33,71.3,Q
y079_5_48_48_9_B,y079,9,B,0.5,5,6,8,10,0.44,0.3,0.31,101.4,Q
y074_0_48_1,y074,1,,,0,10,11,12,0.47,0.3,0.21,194.4,Q
y074_0_48_10,y074,10,,,0,7,12,13,0.28,0.28,0.27,166.1,Q
y074_0_48_11,y074,11,,,0,6,11,13,0.22,0.36,0.3,140.7,Q
y074_0_48_12,y074,12,,,0,8,12,13,0.13,0.21,0.2,182,Q
y074_0_48_2,y074,2,,,0,4,10,11,0.47,0.46,0.33,141.2,Q
y074_0_48_3,y074,3,,,0,7,12,13,0.29,0.26,0.24,208.6,Q
y074_0_48_4,y074,4,,,0,5,10,11,0.27,0.42,0.34,137.6,Q
y074_0_48_5,y074,5,,,0,9,13,14,0.14,0.22,0.21,159.7,Q
y074_0_48_6,y074,6,,,0,7,11,13,0.1,0.29,0.27,136.4,Q
y074_0_48_7,y074,7,,,0,7,11,12,0.5,0.38,0.26,208.2,Q
y074_0_48_8,y074,8,,,0,5,11,13,0.41,0.45,0.33,135.2,Q
y074_0_48_9,y074,9,,,0,7,11,12,0.25,0.29,0.22,196,Q
y074_5_48_12_1_A,y074,1,A,0.12,5,9,11,12,0.18,0.19,0.16,210,Q
y074_5_48_12_1_B,y074,1,B,0.12,5,12,13,14,0.16,0.12,0.14,196.5,Q
y074_5_48_12_10_A,y074,10,A,0.12,5,3,10,12,0.61,0.61,0.45,63.9,Q
y074_5_48_12_10_B,y074,10,B,0.12,5,4,11,13,0.48,0.51,0.4,75.2,Q
y074_5_48_12_11_A,y074,11,A,0.12,5,8,12,14,0.25,0.29,0.27,146.8,Q
y074_5_48_12_11_B,y074,11,B,0.12,5,9,13,14,0.17,0.2,0.19,193.5,Q
y074_5_48_12_12_A,y074,12,A,0.12,5,9,12,13,0.43,0.27,0.21,198.6,Q
y074_5_48_12_12_B,y074,12,B,0.12,5,9,12,13,0.11,0.19,0.17,185.3,Q
y074_5_48_12_2_A,y074,2,A,0.12,5,9,12,13,0.22,0.2,0.19,219.1,Q
y074_5_48_12_2_B,y074,2,B,0.12,5,12,13,14,0.21,0.15,0.14,189.9,Q
y074_5_48_12_3_A,y074,3,A,0.12,5,7,12,13,0.37,0.3,0.27,194.2,Q
y074_5_48_12_3_B,y074,3,B,0.12,5,11,13,14,0.18,0.14,0.17,169.9,Q
y074_5_48_12_4_A,y074,4,A,0.12,5,4,12,13,0.55,0.49,0.38,95.4,Q
y074_5_48_12_4_B,y074,4,B,0.12,5,12,13,14,0.4,0.24,0.2,187.6,Q
y074_5_48_12_5_A,y074,5,A,0.12,5,11,13,15,0.41,0.24,0.23,134.4,Q
y074_5_48_12_5_B,y074,5,B,0.12,5,12,14,15,0.31,0.16,0.17,155,Q
y074_5_48_12_6_A,y074,6,A,0.12,5,6,11,13,0.16,0.36,0.32,113.2,Q
y074_5_48_12_6_B,y074,6,B,0.12,5,6,12,13,0.28,0.32,0.29,122.9,Q
y074_5_48_12_7_A,y074,7,A,0.12,5,4,12,13,0.56,0.41,0.36,56.1,Q
y074_5_48_12_7_B,y074,7,B,0.12,5,7,13,14,0.43,0.31,0.25,171.2,Q
y074_5_48_12_8_A,y074,8,A,0.12,5,8,12,14,0.51,0.34,0.26,165.9,Q
y074_5_48_12_8_B,y074,8,B,0.12,5,12,15,16,0.38,0.21,0.21,129.3,Q
y074_5_48_12_9_A,y074,9,A,0.12,5,8,13,15,0.25,0.29,0.25,121.4,Q
y074_5_48_12_9_B,y074,9,B,0.12,5,10,14,16,0.23,0.24,0.24,117,Q
y074_5_48_48_1_A,y074,1,A,0.5,5,9,12,13,0.26,0.22,0.19,194,Q
y074_5_48_48_1_B,y074,1,B,0.5,5,9,13,14,0.1,0.21,0.2,142.8,Q
y074_5_48_48_10_A,y074,10,A,0.5,5,9,13,14,0.22,0.22,0.21,203.1,Q
y074_5_48_48_10_B,y074,10,B,0.5,5,10,14,15,0.13,0.18,0.19,175.9,Q
y074_5_48_48_11_A,y074,11,A,0.5,5,10,13,15,0.15,0.2,0.21,175,Q
y074_5_48_48_11_B,y074,11,B,0.5,5,10,14,15,0.11,0.19,0.18,152.5,Q
y074_5_48_48_12_A,y074,12,A,0.5,5,8,14,16,0.34,0.34,0.3,76.8,Q
y074_5_48_48_12_B,y074,12,B,0.5,5,6,13,15,0.31,0.35,0.33,66.6,Q
y074_5_48_48_2_A,y074,2,A,0.5,5,10,16,17,0.19,0.23,0.22,81.2,Q
y074_5_48_48_2_B,y074,2,B,0.5,5,12,17,22,0.16,0.26,0.32,46.7,Q
y074_5_48_48_3_A,y074,3,A,0.5,5,9,13,14,0.24,0.22,0.2,240.7,Q
y074_5_48_48_3_B,y074,3,B,0.5,5,12,13,14,0.17,0.13,0.13,216.5,Q
y074_5_48_48_4_A,y074,4,A,0.5,5,9,13,14,0.1,0.21,0.19,201,Q
y074_5_48_48_4_B,y074,4,B,0.5,5,11,13,15,0.19,0.17,0.18,206.9,Q
y074_5_48_48_5_A,y074,5,A,0.5,5,9,14,15,0.17,0.26,0.23,131.5,Q
y074_5_48_48_5_B,y074,5,B,0.5,5,13,15,16,0.2,0.15,0.15,142.2,Q
y074_5_48_48_6_A,y074,6,A,0.5,5,9,13,14,0.22,0.2,0.2,190.6,Q
y074_5_48_48_6_B,y074,6,B,0.5,5,10,13,14,0.16,0.16,0.17,161.7,Q
y074_5_48_48_7_A,y074,7,A,0.5,5,13,15,18,0.28,0.16,0.24,85.1,Q
y074_5_48_48_7_B,y074,7,B,0.5,5,13,14,15,0.22,0.15,0.14,172.2,Q
y074_5_48_48_8_A,y074,8,A,0.5,5,1,1,1,,,,0.3,Q
y074_5_48_48_8_B,y074,8,B,0.5,5,1,1,1,,,,0.4,Q
y074_5_48_48_9_A,y074,9,A,0.5,5,13,14,16,0.16,0.13,0.16,168.4,Q
y076_0_48_1,y076,1,,,0,3,6,8,0.64,0.53,0.42,103.8,Q
y076_0_48_10,y076,10,,,0,5,9,10,0.27,0.3,0.27,159.5,Q
y076_0_48_11,y076,11,,,0,5,8,10,0.31,0.38,0.33,127.1,Q
y076_0_48_12,y076,12,,,0,4,8,9,0.29,0.29,0.27,102.6,Q
y076_0_48_2,y076,2,,,0,3,8,9,0.46,0.39,0.35,131.9,Q
y076_0_48_3,y076,3,,,0,4,7,8,0.58,0.48,0.37,108.3,Q
y076_0_48_4,y076,4,,,0,5,8,9,0.32,0.33,0.27,125.3,Q
y076_0_48_5,y076,5,,,0,2,7,8,0.97,0.61,0.48,81.9,Q
y076_0_48_7,y076,7,,,0,4,6,8,0.49,0.43,0.4,109.3,Q
y076_0_48_8,y076,8,,,0,3,8,9,0.4,0.42,0.29,148.6,Q
y076_0_48_9,y076,9,,,0,4,7,8,0.6,0.47,0.39,125.4,Q
y076_5_48_12_1_A,y076,1,A,0.12,5,0,8,10,,0.67,0.48,82.2,Q
y076_5_48_12_1_B,y076,1,B,0.12,5,0,6,9,,0.88,0.65,46,Q
y076_5_48_12_10_A,y076,10,A,0.12,5,0,6,13,,0.85,0.71,34.3,Q
y076_5_48_12_10_B,y076,10,B,0.12,5,0,5,13,,0.89,0.65,25.1,Q
y076_5_48_12_11_A,y076,11,A,0.12,5,0,3,10,,1,0.63,41.1,Q
y076_5_48_12_11_B,y076,11,B,0.12,5,0,9,11,,0.75,0.52,69.4,Q
y076_5_48_12_12_B,y076,12,B,0.12,5,2,9,11,0.41,0.51,0.41,60.9,Q
y076_5_48_12_2_A,y076,2,A,0.12,5,0,9,10,,0.58,0.46,81,Q
y076_5_48_12_2_B,y076,2,B,0.12,5,0,4,10,,0.85,0.6,51.8,Q
y076_5_48_12_3_A,y076,3,A,0.12,5,3,8,9,0.63,0.49,0.4,82.5,Q
y076_5_48_12_3_B,y076,3,B,0.12,5,1,6,8,,0.57,0.45,64.4,Q
y076_5_48_12_4_A,y076,4,A,0.12,5,8,17,24,0.37,0.45,0.42,67.4,Q
y076_5_48_12_4_B,y076,4,B,0.12,5,0,4,10,,0.68,0.62,41.2,Q
y076_5_48_12_5_A,y076,5,A,0.12,5,2,5,11,0.86,0.57,0.55,38,Q
y076_5_48_12_5_B,y076,5,B,0.12,5,2,7,11,0.81,0.66,0.52,42.9,Q
y076_5_48_12_6_A,y076,6,A,0.12,5,0,4,10,,0.68,0.63,45.2,Q
y076_5_48_12_6_B,y076,6,B,0.12,5,0,10,12,,0.93,0.63,25.8,Q
y076_5_48_12_7_A,y076,7,A,0.12,5,0,4,10,,0.67,0.6,40.7,Q
y076_5_48_12_7_B,y076,7,B,0.12,5,0,7,10,,0.73,0.57,64.9,Q
y076_5_48_12_8_A,y076,8,A,0.12,5,0,3,11,,0.86,0.68,29.1,Q
y076_5_48_12_8_B,y076,8,B,0.12,5,0,0,10,,,0.71,19.2,Q
y076_5_48_12_9_A,y076,9,A,0.12,5,0,2,10,,0.71,0.69,29.7,Q
y076_5_48_12_9_B,y076,9,B,0.12,5,0,1,10,,,0.81,18.4,Q
y076_5_48_48_1_A,y076,1,A,0.5,5,0,3,9,,0.92,0.65,65.5,Q
y076_5_48_48_1_B,y076,1,B,0.5,5,0,3,10,,1,0.65,31.7,Q
y076_5_48_48_10_A,y076,10,A,0.5,5,0,9,14,,0.79,0.63,29.7,Q
y076_5_48_48_10_B,y076,10,B,0.5,5,2,12,23,0.67,0.55,0.63,36.9,Q
y076_5_48_48_11_A,y076,11,A,0.5,5,0,4,9,,0.71,0.61,51,Q
y076_5_48_48_11_B,y076,11,B,0.5,5,0,3,9,,0.7,0.67,39.4,Q
y076_5_48_48_12_A,y076,12,A,0.5,5,0,4,10,,0.82,0.73,24.3,Q
y076_5_48_48_12_B,y076,12,B,0.5,5,0,3,11,,0.95,0.68,24.1,Q
y076_5_48_48_2_A,y076,2,A,0.5,5,0,4,10,,0.69,0.62,52.1,Q
y076_5_48_48_2_B,y076,2,B,0.5,5,0,1,10,,,0.76,19.2,Q
y076_5_48_48_3_A,y076,3,A,0.5,5,0,2,12,,1,0.7,33.4,Q
y076_5_48_48_3_B,y076,3,B,0.5,5,0,3,11,,0.86,0.82,16.3,Q
y076_5_48_48_4_A,y076,4,A,0.5,5,7,12,21,0.45,0.4,0.47,65.1,Q
y076_5_48_48_4_B,y076,4,B,0.5,5,0,1,10,,,0.75,27.8,Q
y076_5_48_48_5_A,y076,5,A,0.5,5,0,4,10,,0.8,0.68,40.2,Q
y076_5_48_48_5_B,y076,5,B,0.5,5,0,2,10,,1,0.76,18.9,Q
y076_5_48_48_6_A,y076,6,A,0.5,5,0,1,11,,,0.74,27.5,Q
y076_5_48_48_7_A,y076,7,A,0.5,5,0,6,9,,0.69,0.53,97.6,Q
y076_5_48_48_7_B,y076,7,B,0.5,5,3,8,9,0.55,0.47,0.35,147,Q
y076_5_48_48_8_A,y076,8,A,0.5,5,0,4,11,,0.78,0.63,46.7,Q
y076_5_48_48_8_B,y076,8,B,0.5,5,0,10,12,,0.75,0.53,42.8,Q
y076_5_48_48_9_A,y076,9,A,0.5,5,0,2,10,,0.82,0.67,27.5,Q
y076_5_48_48_9_B,y076,9,B,0.5,5,0,6,9,,0.87,0.64,29.7,Q
y109_0_48_1,y109,1,,,0,6,10,11,0.16,0.27,0.23,186.8,Q
y109_0_48_10,y109,10,,,0,7,11,12,0.2,0.24,0.23,177.5,Q
y109_0_48_11,y109,11,,,0,7,10,12,0.14,0.27,0.26,148.1,Q
y109_0_48_12,y109,12,,,0,8,11,12,0.18,0.19,0.19,218.2,Q
y109_0_48_2,y109,2,,,0,5,9,10,0.33,0.35,0.32,82.8,Q
y109_0_48_3,y109,3,,,0,5,9,11,0.22,0.34,0.29,115.9,Q
y109_0_48_4,y109,4,,,0,4,8,11,0.36,0.44,0.39,102.5,Q
y109_0_48_5,y109,5,,,0,5,9,10,0.26,0.34,0.27,134,Q
y109_0_48_6,y109,6,,,0,4,9,11,0.33,0.48,0.39,67.2,Q
y109_0_48_7,y109,7,,,0,6,10,11,0.25,0.3,0.28,143.1,Q
y109_0_48_8,y109,8,,,0,6,10,11,0.16,0.27,0.23,145.8,Q
y109_0_48_9,y109,9,,,0,6,10,11,0.2,0.35,0.3,121.5,Q
y109_5_48_12_10_A,y109,10,A,0.12,5,13,14,16,0.68,0.39,0.27,159.6,Q
y109_5_48_12_10_B,y109,10,B,0.12,5,14,16,17,0.52,0.23,0.22,154.1,Q
y109_5_48_12_11_A,y109,11,A,0.12,5,15,18,19,0.63,0.26,0.25,121.4,Q
y109_5_48_12_11_B,y109,11,B,0.12,5,16,19,20,0.51,0.29,0.27,57.5,Q
y109_5_48_12_12_A,y109,12,A,0.12,5,0,12,13,,0.81,0.69,22,Q
y109_5_48_12_12_B,y109,12,B,0.12,5,0,14,14,,0.64,0.62,43.2,Q
y109_5_48_12_2_A,y109,2,A,0.12,5,0,10,12,,0.79,0.53,112.1,Q
y109_5_48_12_2_B,y109,2,B,0.12,5,1,12,13,,0.65,0.48,75.9,Q
y109_5_48_12_5_A,y109,5,A,0.12,5,0,10,12,,0.79,0.52,173,Q
y109_5_48_12_5_B,y109,5,B,0.12,5,0,10,12,,0.94,0.6,31.1,Q
y109_5_48_12_7_A,y109,7,A,0.12,5,0,11,12,,0.51,0.36,135.5,Q
y109_5_48_12_7_B,y109,7,B,0.12,5,12,13,14,0.41,0.25,0.22,183.3,Q
y109_5_48_12_9_A,y109,9,A,0.12,5,0,12,13,,0.67,0.53,51.1,Q
y109_5_48_12_9_B,y109,9,B,0.12,5,1,12,15,,0.76,0.52,37.5,Q
y109_5_48_48_1_A,y109,1,A,0.5,5,2,12,14,0.8,0.75,0.62,28.1,Q
y109_5_48_48_1_B,y109,1,B,0.5,5,6,15,17,0.54,0.5,0.45,40.2,Q
y109_5_48_48_11_A,y109,11,A,0.5,5,2,9,11,0.86,0.68,0.47,60.7,Q
y109_5_48_48_11_B,y109,11,B,0.5,5,0,9,10,,0.66,0.51,163,Q
y109_5_48_48_12_A,y109,12,A,0.5,5,6,9,10,0.51,0.38,0.27,168.7,Q
y109_5_48_48_12_B,y109,12,B,0.5,5,1,9,10,,0.59,0.42,64.8,Q
y109_5_48_48_2_A,y109,2,A,0.5,5,0,0,13,,,0.65,115.4,Q
y109_5_48_48_2_B,y109,2,B,0.5,5,0,12,16,,0.86,0.6,41.7,Q
y109_5_48_48_3_A,y109,3,A,0.5,5,0,3,13,,0.91,0.67,23,Q
y109_5_48_48_3_B,y109,3,B,0.5,5,0,8,14,,0.82,0.59,29,Q
y109_5_48_48_5_A,y109,5,A,0.5,5,0,11,13,,0.81,0.56,54.9,Q
y109_5_48_48_5_B,y109,5,B,0.5,5,0,12,14,,0.72,0.47,65.8,Q
y109_5_48_48_6_A,y109,6,A,0.5,5,1,14,17,,0.81,0.55,33.1,Q
y109_5_48_48_6_B,y109,6,B,0.5,5,1,16,18,,0.57,0.45,60.7,Q
y109_5_48_48_7_A,y109,7,A,0.5,5,0,11,14,,0.89,0.61,43.6,Q
y109_5_48_48_7_B,y109,7,B,0.5,5,0,13,14,,0.72,0.62,25.9,Q
y109_5_48_48_8_A,y109,8,A,0.5,5,1,14,15,,0.75,0.62,23.2,Q
y109_5_48_48_8_B,y109,8,B,0.5,5,2,13,20,0.83,0.57,0.54,37.8,Q
y109_5_48_48_9_A,y109,9,A,0.5,5,1,12,13,,0.59,0.43,101.5,Q
y109_5_48_48_9_B,y109,9,B,0.5,5,0,12,14,,0.65,0.51,65.7,Q
y003_0_48_1,y003,1,,,0,5,9,11,0.28,0.35,0.34,147.5,Q
y003_0_48_10,y003,10,,,0,10,11,12,0.13,0.12,0.14,240.3,Q
y003_0_48_11,y003,11,,,0,10,11,12,0.14,0.12,0.14,243.8,Q
y003_0_48_12,y003,12,,,0,12,13,15,0.06,0.08,0.17,174.9,Q
y003_0_48_2,y003,2,,,0,7,10,11,0.24,0.21,0.22,203.3,Q
y003_0_48_3,y003,3,,,0,7,11,12,0.11,0.21,0.23,189.9,Q
y003_0_48_4,y003,4,,,0,8,11,12,0.14,0.18,0.2,207.6,Q
y003_0_48_5,y003,5,,,0,7,10,12,0.15,0.23,0.24,216.1,Q
y003_0_48_7,y003,7,,,0,9,11,12,0.17,0.17,0.18,238.2,Q
y003_0_48_8,y003,8,,,0,10,11,12,0.14,0.12,0.13,255.4,Q
y003_0_48_9,y003,9,,,0,10,11,12,0.15,0.12,0.15,248.4,Q
y003_5_48_12_1_A,y003,1,A,0.12,5,9,12,15,0.69,0.38,0.36,62.7,Q
y003_5_48_12_1_B,y003,1,B,0.12,5,10,13,14,0.72,0.35,0.27,76.4,Q
y003_5_48_12_10_A,y003,10,A,0.12,5,2,8,9,0.65,0.63,0.48,92.6,Q
y003_5_48_12_10_B,y003,10,B,0.12,5,3,6,9,0.73,0.48,0.46,101.7,Q
y003_5_48_12_11_A,y003,11,A,0.12,5,13,14,15,0.11,0.11,0.13,189.3,Q
y003_5_48_12_11_B,y003,11,B,0.12,5,13,15,16,0.17,0.13,0.14,176.4,Q
y003_5_48_12_12_A,y003,12,A,0.12,5,0,12,14,,0.66,0.52,47.3,Q
y003_5_48_12_12_B,y003,12,B,0.12,5,0,12,13,,0.61,0.47,68.3,Q
y003_5_48_12_2_A,y003,2,A,0.12,5,0,11,13,,0.81,0.52,142.3,Q
y003_5_48_12_2_B,y003,2,B,0.12,5,0,13,16,,0.63,0.54,47.8,Q
y003_5_48_12_3_A,y003,3,A,0.12,5,0,1,10,,,0.82,25.7,Q
y003_5_48_12_3_B,y003,3,B,0.12,5,0,4,12,,0.9,0.7,30.9,Q
y003_5_48_12_4_A,y003,4,A,0.12,5,0,11,12,,0.79,0.56,142.2,Q
y003_5_48_12_4_B,y003,4,B,0.12,5,0,13,15,,0.68,0.52,60,Q
y003_5_48_12_5_A,y003,5,A,0.12,5,0,10,12,,0.92,0.6,39.3,Q
y003_5_48_12_5_B,y003,5,B,0.12,5,0,10,13,,0.79,0.53,70.4,Q
y003_5_48_12_6_A,y003,6,A,0.12,5,0,10,12,,0.88,0.58,62.9,Q
y003_5_48_12_6_B,y003,6,B,0.12,5,0,11,13,,0.79,0.52,93.5,Q
y003_5_48_12_7_A,y003,7,A,0.12,5,0,12,14,,0.75,0.51,100.1,Q
y003_5_48_12_7_B,y003,7,B,0.12,5,0,13,14,,0.61,0.47,96.6,Q
y003_5_48_12_8_A,y003,8,A,0.12,5,0,1,9,,,0.77,30.2,Q
y003_5_48_12_8_B,y003,8,B,0.12,5,0,3,11,,0.76,0.65,35.4,Q
y003_5_48_12_9_A,y003,9,A,0.12,5,0,0,13,,,0.76,17.7,Q
y003_5_48_12_9_B,y003,9,B,0.12,5,0,3,14,,0.87,0.64,31.6,Q
y003_5_48_48_1_A,y003,1,A,0.5,5,2,13,17,0.57,0.63,0.5,41.4,Q
y003_5_48_48_1_B,y003,1,B,0.5,5,1,13,15,,0.66,0.51,51.8,Q
y003_5_48_48_10_A,y003,10,A,0.5,5,0,12,14,,0.76,0.53,68.9,Q
y003_5_48_48_10_B,y003,10,B,0.5,5,1,13,17,,0.59,0.48,57.3,Q
y003_5_48_48_11_A,y003,11,A,0.5,5,1,4,14,,0.79,0.64,21,Q
y003_5_48_48_11_B,y003,11,B,0.5,5,1,1,1,,,,3.9,Q
y003_5_48_48_12_A,y003,12,A,0.5,5,4,11,12,0.67,0.49,0.35,115.6,Q
y003_5_48_48_12_B,y003,12,B,0.5,5,4,12,13,0.58,0.49,0.39,83.4,Q
y003_5_48_48_2_A,y003,2,A,0.5,5,2,14,20,0.87,0.61,0.54,40.5,Q
y003_5_48_48_2_B,y003,2,B,0.5,5,2,16,17,0.93,0.5,0.43,36.7,Q
y003_5_48_48_3_A,y003,3,A,0.5,5,6,11,14,0.29,0.41,0.37,62.1,Q
y003_5_48_48_3_B,y003,3,B,0.5,5,6,13,15,0.33,0.41,0.36,50.6,Q
y003_5_48_48_4_A,y003,4,A,0.5,5,2,11,13,0.65,0.64,0.46,39,Q
y003_5_48_48_4_B,y003,4,B,0.5,5,0,6,14,,0.76,0.61,36.4,Q
y003_5_48_48_5_A,y003,5,A,0.5,5,2,10,14,0.84,0.79,0.56,30.2,Q
y003_5_48_48_5_B,y003,5,B,0.5,5,1,12,13,,0.67,0.56,29.4,Q
y003_5_48_48_6_A,y003,6,A,0.5,5,0,11,14,,0.82,0.6,34.3,Q
y003_5_48_48_6_B,y003,6,B,0.5,5,0,7,14,,0.96,0.63,37.3,Q
y003_5_48_48_7_A,y003,7,A,0.5,5,0,13,14,,0.44,0.37,120,Q
y003_5_48_48_7_B,y003,7,B,0.5,5,1,12,14,,0.6,0.39,84.4,Q
y003_5_48_48_8_A,y003,8,A,0.5,5,2,13,17,0.74,0.7,0.54,24.1,Q
y003_5_48_48_8_B,y003,8,B,0.5,5,5,14,14,1,0.48,0.49,21.6,Q
y003_5_48_48_9_A,y003,9,A,0.5,5,1,1,1,,,,0.2,Q
y003_5_48_48_9_B,y003,9,B,0.5,5,1,1,1,,,,0,Q
y026_0_48_1,y026,1,,,0,9,10,12,0.53,0.23,0.27,256.8,Q
y026_0_48_10,y026,10,,,0,12,13,14,0.12,0.11,0.14,250.9,Q
y026_0_48_11,y026,11,,,0,10,11,12,0.3,0.18,0.2,254.8,Q
y026_0_48_12,y026,12,,,0,10,11,12,0.29,0.2,0.22,169.2,Q
y026_0_48_2,y026,2,,,0,9,10,11,0.56,0.26,0.2,243.5,Q
y026_0_48_3,y026,3,,,0,10,11,12,0.29,0.17,0.18,256.4,Q
y026_0_48_4,y026,4,,,0,10,11,12,0.37,0.18,0.17,258.2,Q
y026_0_48_5,y026,5,,,0,11,12,14,0.05,0.06,0.15,220.7,Q
y026_0_48_6,y026,6,,,0,11,12,13,0.18,0.12,0.14,247.2,Q
y026_0_48_7,y026,7,,,0,10,11,12,0.38,0.2,0.16,260.8,Q
y026_0_48_8,y026,8,,,0,11,12,13,0.11,0.08,0.11,237.9,Q
y026_0_48_9,y026,9,,,0,11,12,13,0.15,0.11,0.14,264.6,Q
y026_5_48_12_1_A,y026,1,A,0.12,5,3,11,13,0.7,0.6,0.42,61.9,Q
y026_5_48_12_1_B,y026,1,B,0.12,5,0,11,13,,0.76,0.52,58,Q
y026_5_48_12_10_A,y026,10,A,0.12,5,0,10,13,,0.81,0.55,60.8,Q
y026_5_48_12_10_B,y026,10,B,0.12,5,0,14,15,,0.47,0.45,27,Q
y026_5_48_12_11_A,y026,11,A,0.12,5,0,1,13,,,0.75,23.3,Q
y026_5_48_12_11_B,y026,11,B,0.12,5,0,10,16,,0.86,0.66,28.2,Q
y026_5_48_12_12_A,y026,12,A,0.12,5,0,3,12,,0.91,0.67,37.2,Q
y026_5_48_12_12_B,y026,12,B,0.12,5,0,11,14,,0.77,0.57,34.5,Q
y026_5_48_12_2_A,y026,2,A,0.12,5,4,12,14,0.75,0.44,0.4,98.7,Q
y026_5_48_12_2_B,y026,2,B,0.12,5,0,11,13,,0.83,0.56,89.6,Q
y026_5_48_12_3_A,y026,3,A,0.12,5,0,11,13,,0.85,0.57,63.4,Q
y026_5_48_12_3_B,y026,3,B,0.12,5,0,12,14,,0.78,0.55,48.8,Q
y026_5_48_12_4_A,y026,4,A,0.12,5,1,12,15,,0.65,0.57,40.5,Q
y026_5_48_12_4_B,y026,4,B,0.12,5,2,12,14,0.67,0.6,0.51,37.7,Q
y026_5_48_12_5_A,y026,5,A,0.12,5,0,11,14,,0.85,0.57,57.5,Q
y026_5_48_12_5_B,y026,5,B,0.12,5,0,12,14,,0.79,0.6,36.3,Q
y026_5_48_12_6_A,y026,6,A,0.12,5,0,11,12,,0.84,0.6,78.1,Q
y026_5_48_12_6_B,y026,6,B,0.12,5,0,11,12,,0.71,0.53,63.5,Q
y026_5_48_12_7_A,y026,7,A,0.12,5,0,4,15,,0.89,0.66,20.3,Q
y026_5_48_12_7_B,y026,7,B,0.12,5,0,13,15,,0.74,0.56,27.6,Q
y026_5_48_12_8_A,y026,8,A,0.12,5,0,11,13,,0.72,0.51,83,Q
y026_5_48_12_9_A,y026,9,A,0.12,5,0,12,13,,0.78,0.57,163.5,Q
y026_5_48_12_9_B,y026,9,B,0.12,5,0,0,0,,,,66.3,Q
y026_5_48_48_1_A,y026,1,A,0.5,5,0,10,15,,0.78,0.61,50.8,Q
y026_5_48_48_1_B,y026,1,B,0.5,5,0,13,16,,0.76,0.59,39,Q
y026_5_48_48_10_A,y026,10,A,0.5,5,1,12,14,,0.57,0.46,73.1,Q
y026_5_48_48_10_B,y026,10,B,0.5,5,0,6,12,,0.86,0.61,91.3,Q
y026_5_48_48_11_A,y026,11,A,0.5,5,0,12,13,,0.41,0.34,222.8,Q
y026_5_48_48_11_B,y026,11,B,0.5,5,2,11,12,0.46,0.54,0.37,155.7,Q
y026_5_48_48_12_A,y026,12,A,0.5,5,0,12,15,,0.72,0.59,53.1,Q
y026_5_48_48_12_B,y026,12,B,0.5,5,0,0,12,,,0.7,70.1,Q
y026_5_48_48_2_A,y026,2,A,0.5,5,1,11,13,,0.68,0.49,69,Q
y026_5_48_48_2_B,y026,2,B,0.5,5,0,11,13,,0.81,0.54,52.7,Q
y026_5_48_48_3_A,y026,3,A,0.5,5,0,11,12,,0.7,0.53,90.3,Q
y026_5_48_48_3_B,y026,3,B,0.5,5,8,13,19,0.64,0.36,0.46,99.8,Q
y026_5_48_48_4_A,y026,4,A,0.5,5,0,0,13,,,0.9,51.5,Q
y026_5_48_48_4_B,y026,4,B,0.5,5,0,11,13,,0.72,0.51,65.6,Q
y026_5_48_48_5_A,y026,5,A,0.5,5,1,12,14,,0.62,0.45,70.7,Q
y026_5_48_48_5_B,y026,5,B,0.5,5,0,11,13,,0.71,0.51,88.3,Q
y026_5_48_48_6_A,y026,6,A,0.5,5,0,11,13,,0.69,0.52,61.8,Q
y026_5_48_48_6_B,y026,6,B,0.5,5,1,12,14,,0.59,0.48,55.6,Q
y026_5_48_48_7_A,y026,7,A,0.5,5,0,12,13,,0.63,0.46,81.5,Q
y026_5_48_48_7_B,y026,7,B,0.5,5,0,11,14,,0.76,0.55,41.4,Q
y026_5_48_48_8_A,y026,8,A,0.5,5,1,12,16,,0.52,0.49,74.2,Q
y026_5_48_48_8_B,y026,8,B,0.5,5,1,12,14,,0.54,0.43,110.1,Q
y026_5_48_48_9_A,y026,9,A,0.5,5,0,10,13,,0.83,0.58,69.8,Q
y026_5_48_48_9_B,y026,9,B,0.5,5,1,12,19,,0.76,0.63,25.6,Q
A_1_t0_a,y106,1,A,,0,13,13,14,0.07,0.06,0.09,99.1,M
A_1_t0_b,y106,1,B,,0,12,13,14,0.14,0.11,0.14,141.9,M
A_10_t0_a,y106,10,A,,0,11,13,14,0.2,0.17,0.15,131.8,M
A_10_t0_b,y106,10,B,,0,13,14,15,0.13,0.12,0.14,120.1,M
A_11_t0_a,y106,11,A,,0,13,14,15,0.09,0.1,0.13,116.3,M
A_11_t0_b,y106,11,B,,0,8,13,14,0.22,0.24,0.22,144,M
A_12_t0_a,y106,12,A,,0,13,14,15,0.1,0.11,0.15,95.7,M
A_12_t0_b,y106,12,B,,0,12,14,15,0.2,0.14,0.15,118.5,M
A_2_t0_a,y106,2,A,,0,12,14,15,0.12,0.11,0.15,139,M
A_2_t0_b,y106,2,B,,0,5,7,20,0.18,0.31,0.55,23.1,M
A_3_t0_a,y106,3,A,,0,13,14,15,0.09,0.09,0.12,127.4,M
A_3_t0_b,y106,3,B,,0,11,13,14,0.19,0.17,0.15,152.4,M
A_4_t0_a,y106,4,A,,0,13,14,15,0.14,0.12,0.13,114,M
A_4_t0_b,y106,4,B,,0,13,14,15,0.12,0.1,0.11,122.8,M
A_5_t0_a,y106,5,A,,0,13,14,15,0.14,0.12,0.15,124,M
A_5_t0_b,y106,5,B,,0,11,14,15,0.16,0.15,0.17,116.2,M
A_6_t0_a,y106,6,A,,0,12,14,15,0.19,0.14,0.16,143.4,M
A_6_t0_b,y106,6,B,,0,12,14,15,0.16,0.14,0.14,129.8,M
A_7_t0_a,y106,7,A,,0,13,14,15,0.11,0.09,0.1,102.2,M
A_7_t0_b,y106,7,B,,0,11,14,15,0.34,0.2,0.2,142.8,M
A_8_t0_a,y106,8,A,,0,13,14,16,0.16,0.13,0.17,90.6,M
A_8_t0_b,y106,8,B,,0,12,14,15,0.2,0.14,0.16,119,M
A_9_t0_a,y106,9,A,,0,13,14,15,0.14,0.11,0.13,110.7,M
A_9_t0_b,y106,9,B,,0,11,14,15,0.21,0.17,0.17,125.4,M
B_1_t0_a,y109,1,A,,0,11,12,13,0.13,0.11,0.15,148.5,M
B_1_t0_b,y109,1,B,,0,12,13,14,0.06,0.09,0.13,141.4,M
B_10_t0_a,y109,10,A,,0,11,12,13,0.1,0.09,0.12,130.7,M
B_10_t0_b,y109,10,B,,0,12,13,13,0.06,0.09,0.09,101.3,M
B_11_t0_a,y109,11,A,,0,11,12,13,0.08,0.1,0.15,87.5,M
B_11_t0_b,y109,11,B,,0,8,12,13,0.35,0.23,0.23,142.9,M
B_12_t0_a,y109,12,A,,0,11,12,13,0.06,0.08,0.13,69.4,M
B_12_t0_b,y109,12,B,,0,11,12,13,0.05,0.07,0.12,137.4,M
B_12_t5_a,y109,12,A,0.5,5,2,13,15,0.96,0.52,0.41,119.6,M
B_12_t5_b,y109,12,B,0.5,5,0,7,14,,0.95,0.63,65.7,M
B_2_t0_a,y109,2,A,,0,10,12,13,0.4,0.22,0.21,147.6,M
B_2_t0_b,y109,2,B,,0,11,12,13,0.23,0.15,0.15,127.8,M
B_3_t0_a,y109,3,A,,0,12,13,14,0.11,0.11,0.15,99.8,M
B_3_t0_b,y109,3,B,,0,12,13,14,0.09,0.1,0.14,124.8,M
B_4_t0_a,y109,4,A,,0,11,12,13,0.23,0.15,0.14,123.3,M
B_4_t0_b,y109,4,B,,0,12,13,14,0.12,0.11,0.14,141.9,M
B_5_t0_a,y109,5,A,,0,11,12,13,0.17,0.12,0.12,150.6,M
B_5_t0_b,y109,5,B,,0,12,13,14,0.05,0.08,0.12,109.8,M
B_6_t0_a,y109,6,A,,0,11,12,14,0.16,0.11,0.15,149,M
B_6_t0_b,y109,6,B,,0,9,12,13,0.42,0.24,0.22,163.8,M
B_7_t0_a,y109,7,A,,0,12,13,14,0.11,0.11,0.15,103.9,M
B_7_t0_b,y109,7,B,,0,11,12,13,0.23,0.16,0.14,142.3,M
B_8_t0_a,y109,8,A,,0,12,13,14,0.06,0.08,0.12,80.1,M
B_8_t0_b,y109,8,B,,0,12,13,14,0.1,0.11,0.14,110.9,M
B_9_t0_a,y109,9,A,,0,12,13,14,0.07,0.1,0.14,96.7,M
B_9_t0_b,y109,9,B,,0,11,12,13,0.24,0.17,0.17,145,M
C_1_t0_a,y110,1,A,,0,12,12,13,0.06,0.06,0.09,117.8,M
C_1_t0_b,y110,1,B,,0,11,12,13,0.09,0.08,0.11,155,M
C_10_t0_a,y110,10,A,,0,12,12,13,0.09,0.08,0.1,113.1,M
C_10_t0_b,y110,10,B,,0,11,12,13,0.14,0.11,0.13,148.9,M
C_10_t5_a,y110,10,A,0.5,5,0,11,15,,0.85,0.59,46.3,M
C_10_t5_b,y110,10,B,0.5,5,15,16,18,0.2,0.15,0.16,97.1,M
C_11_t0_a,y110,11,A,,0,11,11,12,0.11,0.1,0.1,138.1,M
C_11_t0_b,y110,11,B,,0,11,12,13,0.1,0.09,0.12,86.4,M
C_12_t0_a,y110,12,A,,0,11,12,13,0.05,0.07,0.11,95.2,M
C_12_t0_b,y110,12,B,,0,12,13,14,0.06,0.09,0.13,114.6,M
C_12_t5_a,y110,12,A,0.5,5,5,9,13,0.4,0.47,0.43,98.6,M
C_12_t5_b,y110,12,B,0.5,5,14,15,21,0.06,0.08,0.27,85.6,M
C_2_t0_a,y110,2,A,,0,11,12,13,0.15,0.11,0.13,167.8,M
C_2_t0_b,y110,2,B,,0,11,12,13,0.19,0.13,0.15,156.9,M
C_3_t0_a,y110,3,A,,0,11,12,13,0.13,0.11,0.14,137.8,M
C_3_t0_b,y110,3,B,,0,12,12,13,0.1,0.09,0.1,157.6,M
C_3_t5_a,y110,3,A,0.5,5,14,15,17,0.27,0.19,0.19,112.8,M
C_3_t5_b,y110,3,B,0.5,5,14,16,18,0.28,0.17,0.2,81.3,M
C_4_t0_a,y110,4,A,,0,11,12,13,0.3,0.17,0.15,153.4,M
C_4_t0_b,y110,4,B,,0,12,13,14,0.13,0.12,0.15,126.8,M
C_5_t0_a,y110,5,A,,0,12,13,14,0.06,0.09,0.14,128.1,M
C_5_t0_b,y110,5,B,,0,12,13,14,0.05,0.07,0.11,104.3,M
C_5_t5_a,y110,5,A,0.5,5,16,18,20,0.29,0.17,0.17,89.5,M
C_5_t5_b,y110,5,B,0.5,5,15,18,20,0.44,0.24,0.23,94,M
C_6_t0_a,y110,6,A,,0,11,12,13,0.3,0.19,0.19,124.2,M
C_6_t0_b,y110,6,B,,0,13,14,15,0.07,0.1,0.14,112.2,M
C_6_t5_a,y110,6,A,0.5,5,13,16,18,0.36,0.23,0.22,74.8,M
C_6_t5_b,y110,6,B,0.5,5,0,3,14,,0.79,0.68,54.8,M
C_7_t0_a,y110,7,A,,0,11,13,13,0.16,0.12,0.12,164.2,M
C_7_t0_b,y110,7,B,,0,12,13,14,0.12,0.12,0.15,127.8,M
C_7_t5_a,y110,7,A,0.5,5,14,17,23,0.22,0.21,0.33,54.8,M
C_7_t5_b,y110,7,B,0.5,5,0,1,12,,,0.79,30.8,M
C_8_t0_a,y110,8,A,,0,12,13,14,0.07,0.09,0.13,119.4,M
C_8_t0_b,y110,8,B,,0,11,12,13,0.18,0.12,0.12,159.1,M
C_8_t5_a,y110,8,A,0.5,5,13,16,18,0.34,0.23,0.22,88.4,M
C_8_t5_b,y110,8,B,0.5,5,1,10,16,,0.78,0.58,49.7,M
C_9_t0_a,y110,9,A,,0,11,12,13,0.12,0.09,0.12,159.6,M
C_9_t0_b,y110,9,B,,0,11,12,13,0.16,0.11,0.12,162,M
C_9_t5_a,y110,9,A,0.5,5,5,9,13,0.28,0.37,0.38,119.9,M
C_9_t5_b,y110,9,B,0.5,5,11,14,16,0.31,0.23,0.22,96,M
D_1_t0_a,y116,1,A,,0,9,11,12,0.19,0.17,0.17,151.8,M
D_1_t0_b,y116,1,B,,0,8,11,12,0.27,0.21,0.2,167.1,M
D_10_t0_a,y116,10,A,,0,10,11,11,0.16,0.12,0.11,355.1,M
D_10_t0_b,y116,10,B,,0,11,12,13,0.18,0.14,0.16,186.3,M
D_10_t5_a,y116,10,A,0.5,5,0,0,11,,,0.9,26.3,M
D_10_t5_b,y116,10,B,0.5,5,0,0,15,,,0.8,30.1,M
D_11_t0_a,y116,11,A,,0,9,10,11,0.22,0.15,0.17,381.8,M
D_11_t0_b,y116,11,B,,0,11,12,13,0.1,0.1,0.13,167.6,M
D_12_t0_a,y116,12,A,,0,8,9,10,0.19,0.16,0.15,361.4,M
D_12_t0_b,y116,12,B,,0,11,12,13,0.21,0.17,0.19,131.7,M
D_2_t0_a,y116,2,A,,0,10,12,13,0.15,0.13,0.16,125.3,M
D_2_t0_b,y116,2,B,,0,11,12,13,0.11,0.11,0.13,163.1,M
D_3_t0_a,y116,3,A,,0,11,12,12,0.23,0.16,0.15,164.8,M
D_3_t0_b,y116,3,B,,0,11,12,13,0.16,0.12,0.15,128.2,M
D_4_t0_a,y116,4,A,,0,11,12,13,0.16,0.12,0.15,151.5,M
D_4_t0_b,y116,4,B,,0,11,12,13,0.19,0.13,0.14,173.1,M
D_5_t0_a,y116,5,A,,0,11,12,13,0.12,0.09,0.11,155,M
D_5_t0_b,y116,5,B,,0,11,12,13,0.14,0.11,0.12,173.3,M
D_6_t0_a,y116,6,A,,0,12,12,13,0.07,0.06,0.1,106.9,M
D_6_t0_b,y116,6,B,,0,12,13,14,0.06,0.08,0.13,124,M
D_7_t0_a,y116,7,A,,0,9,10,11,0.1,0.1,0.13,416.2,M
D_7_t0_b,y116,7,B,,0,12,13,14,0.09,0.1,0.14,124.2,M
D_7_t5_a,y116,7,A,0.5,5,0,0,14,,,0.79,28.7,M
D_7_t5_b,y116,7,B,0.5,5,0,0,15,,,0.78,25.2,M
D_8_t0_a,y116,8,A,,0,9,10,11,0.23,0.13,0.15,392.8,M
D_8_t0_b,y116,8,B,,0,11,12,13,0.11,0.1,0.14,103.6,M
D_8_t5_a,y116,8,A,0.5,5,0,1,13,,,0.79,36.2,M
D_8_t5_b,y116,8,B,0.5,5,0,0,13,,,0.8,31.3,M
D_9_t0_a,y116,9,A,,0,10,10,11,0.13,0.12,0.14,350.9,M
D_9_t0_b,y116,9,B,,0,11,12,13,0.11,0.1,0.12,175,M
A_1_t0_a,y106,1,A,,0,12,13,14,0.06,0.08,0.12,88.6,M
A_1_t0_b,y106,1,B,,0,12,13,15,0.06,0.09,0.19,40.5,M
A_10_t0_a,y106,10,A,,0,9,10,11,0.09,0.1,0.15,219.5,M
A_10_t0_b,y106,10,B,,0,12,13,14,0.11,0.09,0.12,76.3,M
A_11_t0_a,y106,11,A,,0,12,13,14,0.06,0.1,0.14,50.8,M
A_11_t0_b,y106,11,B,,0,12,12,14,0.06,0.06,0.14,63.4,M
A_12_t0_a,y106,12,A,,0,11,12,14,0.04,0.06,0.15,70.3,M
A_12_t0_b,y106,12,B,,0,11,12,13,0.09,0.08,0.11,46.4,M
A_2_t0_a,y106,2,A,,0,12,13,14,0.1,0.11,0.15,114.7,M
A_2_t0_b,y106,2,B,,0,13,14,15,0.05,0.07,0.11,52.2,M
A_3_t0_a,y106,3,A,,0,13,13,15,0.1,0.1,0.14,90,M
A_3_t0_b,y106,3,B,,0,13,14,15,0.06,0.08,0.12,65.2,M
A_3_t5_a,y106,3,A,0.5,5,1,13,17,,0.65,0.53,47.8,M
A_3_t5_b,y106,3,B,0.5,5,0,13,16,,0.81,0.57,57.8,M
A_4_t0_a,y106,4,A,,0,12,14,15,0.15,0.12,0.15,96.2,M
A_4_t0_b,y106,4,B,,0,12,13,14,0.08,0.07,0.09,72.4,M
A_5_t0_a,y106,5,A,,0,12,13,15,0.14,0.1,0.15,84.4,M
A_5_t0_b,y106,5,B,,0,11,11,13,0.08,0.07,0.16,302.5,M
A_6_t0_a,y106,6,A,,0,12,13,14,0.16,0.12,0.14,102.4,M
A_6_t0_b,y106,6,B,,0,10,11,12,0.1,0.09,0.12,287.3,M
A_7_t0_a,y106,7,A,,0,12,13,15,0.05,0.07,0.15,50.4,M
A_7_t0_b,y106,7,B,,0,13,14,15,0.08,0.1,0.14,55.1,M
A_8_t0_a,y106,8,A,,0,12,13,24,0.06,0.1,0.36,35.3,M
A_8_t0_b,y106,8,B,,0,12,13,15,0.15,0.12,0.17,61.3,M
A_9_t0_a,y106,9,A,,0,13,13,15,0.08,0.08,0.14,86.4,M
A_9_t0_b,y106,9,B,,0,13,14,25,0.06,0.09,0.45,25.5,M
B_1_t0_a,y109,1,A,,0,11,12,13,0.06,0.08,0.12,76.9,M
B_1_t0_b,y109,1,B,,0,7,11,12,0.15,0.23,0.23,129.1,M
B_10_t0_a,y109,10,A,,0,11,12,13,0.05,0.07,0.12,37.9,M
B_10_t0_b,y109,10,B,,0,8,11,12,0.26,0.21,0.21,254.3,M
B_11_t0_a,y109,11,A,,0,11,12,13,0.06,0.09,0.13,43.7,M
B_11_t0_b,y109,11,B,,0,9,10,12,0.41,0.24,0.25,214.3,M
B_11_t5_a,y109,11,A,0.5,5,13,15,17,0.49,0.24,0.26,62.1,M
B_11_t5_b,y109,11,B,0.5,5,0,12,14,,0.72,0.48,100.4,M
B_12_t0_a,y109,12,A,,0,4,8,10,0.44,0.49,0.39,106,M
B_12_t0_b,y109,12,B,,0,5,10,11,0.36,0.33,0.28,122,M
B_12_t5_a,y109,12,A,0.5,5,0,3,16,,0.86,0.67,22.9,M
B_2_t0_a,y109,2,A,,0,11,12,14,0.05,0.07,0.15,86.2,M
B_2_t0_b,y109,2,B,,0,10,12,13,0.28,0.18,0.2,243.4,M
B_3_t0_a,y109,3,A,,0,12,12,13,0.07,0.06,0.09,78.4,M
B_3_t0_b,y109,3,B,,0,9,12,13,0.18,0.18,0.21,235,M
B_4_t0_a,y109,4,A,,0,11,12,13,0.06,0.08,0.12,74.9,M
B_4_t0_b,y109,4,B,,0,9,11,13,0.23,0.19,0.22,230.7,M
B_5_t0_a,y109,5,A,,0,11,12,14,0.05,0.07,0.15,74.7,M
B_5_t0_b,y109,5,B,,0,8,11,13,0.18,0.22,0.26,129.2,M
B_5_t5_b,y109,5,B,0.5,5,0,13,17,,0.85,0.6,45.3,M
B_6_t0_a,y109,6,A,,0,11,12,14,0.06,0.07,0.16,86.3,M
B_6_t0_b,y109,6,B,,0,9,11,12,0.24,0.18,0.17,214.3,M
B_7_t0_a,y109,7,A,,0,5,9,11,0.34,0.44,0.34,86.6,M
B_7_t0_b,y109,7,B,,0,7,11,12,0.14,0.25,0.24,198.9,M
B_8_t0_a,y109,8,A,,0,4,7,11,0.54,0.49,0.44,113.9,M
B_8_t0_b,y109,8,B,,0,8,11,12,0.15,0.19,0.18,306.3,M
B_9_t0_a,y109,9,A,,0,11,12,13,0.06,0.08,0.12,76.8,M
B_9_t0_b,y109,9,B,,0,6,10,12,0.23,0.37,0.32,126.7,M
C_1_t0_a,y110,1,A,,0,11,12,13,0.05,0.07,0.12,304.1,M
C_1_t0_b,y110,1,B,,0,12,13,15,0.07,0.1,0.19,73.4,M
C_10_t0_a,y110,10,A,,0,11,11,13,0.06,0.06,0.14,346,M
C_10_t0_b,y110,10,B,,0,10,11,12,0.05,0.07,0.11,76.8,M
C_10_t5_a,y110,10,A,0.5,5,4,14,18,0.44,0.52,0.48,59.2,M
C_10_t5_b,y110,10,B,0.5,5,12,16,17,0.61,0.32,0.3,27.5,M
C_11_t0_a,y110,11,A,,0,10,11,12,0.11,0.11,0.15,264.5,M
C_11_t0_b,y110,11,B,,0,10,11,12,0.09,0.09,0.11,76.8,M
C_12_t0_a,y110,12,A,,0,10,11,12,0.12,0.12,0.16,347.4,M
C_12_t0_b,y110,12,B,,0,11,12,19,0.06,0.08,0.38,31.1,M
C_12_t5_a,y110,12,A,0.5,5,7,11,12,0.12,0.27,0.24,175.6,M
C_12_t5_b,y110,12,B,0.5,5,12,14,16,0.21,0.16,0.18,58.2,M
C_2_t0_a,y110,2,A,,0,11,12,13,0.06,0.08,0.12,249.9,M
C_2_t0_b,y110,2,B,,0,11,12,13,0.04,0.07,0.1,44.4,M
C_3_t0_a,y110,3,A,,0,11,12,13,0.09,0.1,0.14,347.6,M
C_3_t0_b,y110,3,B,,0,11,12,13,0.06,0.08,0.13,69.4,M
C_4_t0_a,y110,4,A,,0,10,11,12,0.05,0.07,0.1,337.9,M
C_4_t0_b,y110,4,B,,0,12,13,14,0.06,0.09,0.13,56.3,M
C_5_t0_a,y110,5,A,,0,11,12,13,0.06,0.08,0.13,246.3,M
C_5_t0_b,y110,5,B,,0,11,12,14,0.04,0.07,0.15,69.3,M
C_5_t5_a,y110,5,A,0.5,5,10,17,21,0.27,0.35,0.34,62.2,M
C_5_t5_b,y110,5,B,0.5,5,5,13,15,0.4,0.43,0.35,55.6,M
C_6_t0_a,y110,6,A,,0,11,11,12,0.06,0.06,0.08,304.9,M
C_6_t0_b,y110,6,B,,0,11,13,14,0.07,0.11,0.14,73,M
C_6_t5_a,y110,6,A,0.5,5,6,13,19,0.39,0.47,0.47,56.8,M
C_6_t5_b,y110,6,B,0.5,5,14,17,20,0.52,0.24,0.3,44.3,M
C_7_t0_a,y110,7,A,,0,11,12,13,0.06,0.09,0.14,327.7,M
C_7_t0_b,y110,7,B,,0,12,14,15,0.06,0.1,0.14,83.5,M
C_8_t0_a,y110,8,A,,0,11,12,13,0.07,0.1,0.15,320.3,M
C_8_t0_b,y110,8,B,,0,12,12,13,0.07,0.06,0.09,83.1,M
C_9_t0_a,y110,9,A,,0,11,12,14,0.06,0.09,0.19,259.6,M
C_9_t0_b,y110,9,B,,0,11,12,13,0.05,0.07,0.11,64.5,M
C_9_t5_a,y110,9,A,0.5,5,11,13,14,0.19,0.16,0.17,208.7,M
C_9_t5_b,y110,9,B,0.5,5,8,11,12,0.16,0.24,0.22,134.3,M
D_1_t0_a,y116,1,A,,0,10,12,13,0.12,0.14,0.16,105.1,M
D_1_t0_b,y116,1,B,,0,9,10,11,0.1,0.09,0.12,312.8,M
D_10_t0_a,y116,10,A,,0,11,12,13,0.07,0.09,0.12,82.4,M
D_10_t0_b,y116,10,B,,0,9,10,11,0.12,0.12,0.17,354.2,M
D_10_t5_a,y116,10,A,0.5,5,15,16,18,0.44,0.27,0.21,85.4,M
D_10_t5_b,y116,10,B,0.5,5,1,11,16,,0.82,0.64,28.2,M
D_11_t0_a,y116,11,A,,0,11,12,13,0.1,0.1,0.13,84.8,M
D_11_t0_b,y116,11,B,,0,9,10,11,0.25,0.16,0.19,329.6,M
D_12_t0_a,y116,12,A,,0,10,11,12,0.12,0.1,0.11,96.9,M
D_12_t0_b,y116,12,B,,0,8,9,10,0.22,0.16,0.16,215.1,M
D_2_t0_a,y116,2,A,,0,11,12,13,0.1,0.1,0.13,79.6,M
D_2_t0_b,y116,2,B,,0,11,12,13,0.1,0.1,0.13,99.4,M
D_3_t0_a,y116,3,A,,0,11,12,13,0.05,0.07,0.12,90.4,M
D_3_t0_b,y116,3,B,,0,11,12,14,0.06,0.07,0.17,53.4,M
D_4_t0_a,y116,4,A,,0,11,12,13,0.09,0.1,0.13,90,M
D_4_t0_b,y116,4,B,,0,11,12,14,0.11,0.11,0.16,94,M
D_5_t0_a,y116,5,A,,0,12,12,13,0.07,0.07,0.1,59.7,M
D_5_t0_b,y116,5,B,,0,11,13,14,0.11,0.11,0.14,99.3,M
D_5_t5_a,y116,5,A,0.5,5,4,11,18,0.33,0.57,0.53,58.7,M
D_5_t5_b,y116,5,B,0.5,5,13,15,16,0.29,0.16,0.17,62.4,M
D_6_t0_a,y116,6,A,,0,11,12,13,0.09,0.1,0.14,95.7,M
D_6_t0_b,y116,6,B,,0,11,12,13,0.06,0.07,0.11,76.1,M
D_7_t0_a,y116,7,A,,0,12,13,14,0.07,0.1,0.14,58.2,M
D_7_t0_b,y116,7,B,,0,9,10,12,0.12,0.1,0.19,374,M
D_7_t5_a,y116,7,A,0.5,5,15,17,18,0.53,0.24,0.21,58.7,M
D_7_t5_b,y116,7,B,0.5,5,0,1,18,,,0.77,19.7,M
D_8_t0_a,y116,8,A,,0,11,12,14,0.09,0.1,0.17,102.2,M
D_8_t0_b,y116,8,B,,0,10,11,12,0.1,0.11,0.16,343.6,M
D_8_t5_a,y116,8,A,0.5,5,13,15,17,0.32,0.19,0.23,77.1,M
D_8_t5_b,y116,8,B,0.5,5,0,8,13,,0.89,0.62,52.5,M
D_9_t0_a,y116,9,A,,0,11,12,13,0.09,0.08,0.11,86.3,M
D_9_t0_b,y116,9,B,,0,9,10,11,0.18,0.11,0.15,370.7,M
E_1_t0_a,y119,1,A,,0,6,10,12,0.36,0.38,0.31,126.6,M
E_1_t0_b,y119,1,B,,0,6,11,13,0.35,0.37,0.31,126.3,M
E_1_t5_a,y119,1,A,0.5,5,1,9,11,,0.6,0.46,79.8,M
E_1_t5_b,y119,1,B,0.5,5,6,12,13,0.4,0.33,0.31,118.7,M
E_10_t0_a,y119,10,A,,0,7,12,13,0.23,0.28,0.26,145.8,M
E_10_t0_b,y119,10,B,,0,9,13,14,0.12,0.2,0.2,122.2,M
E_10_t5_a,y119,10,A,0.5,5,7,13,14,0.19,0.29,0.26,94.6,M
E_10_t5_b,y119,10,B,0.5,5,9,12,15,0.63,0.33,0.36,83.3,M
E_11_t0_a,y119,11,A,,0,5,10,11,0.47,0.43,0.33,129.3,M
E_11_t0_b,y119,11,B,,0,9,12,14,0.21,0.25,0.22,122.6,M
E_11_t5_a,y119,11,A,0.5,5,7,12,13,0.14,0.25,0.22,138.8,M
E_11_t5_b,y119,11,B,0.5,5,5,12,13,0.4,0.34,0.31,108,M
E_12_t0_a,y119,12,A,,0,6,11,12,0.29,0.31,0.27,95.8,M
E_12_t0_b,y119,12,B,,0,7,11,13,0.21,0.34,0.3,108,M
E_12_t5_a,y119,12,A,0.5,5,6,12,13,0.24,0.34,0.3,100.1,M
E_12_t5_b,y119,12,B,0.5,5,5,11,13,0.47,0.53,0.37,62.7,M
E_2_t0_a,y119,2,A,,0,6,11,12,0.37,0.39,0.3,125.8,M
E_2_t0_b,y119,2,B,,0,6,11,12,0.32,0.36,0.29,137.6,M
E_2_t5_a,y119,2,A,0.5,5,5,12,14,0.28,0.44,0.36,65.4,M
E_2_t5_b,y119,2,B,0.5,5,5,13,14,0.34,0.4,0.34,77.5,M
E_3_t0_a,y119,3,A,,0,6,11,12,0.31,0.35,0.27,139.4,M
E_3_t0_b,y119,3,B,,0,9,13,14,0.14,0.2,0.2,134.2,M
E_3_t5_a,y119,3,A,0.5,5,5,10,11,0.6,0.42,0.31,111.5,M
E_3_t5_b,y119,3,B,0.5,5,8,13,14,0.24,0.26,0.24,83.4,M
E_4_t0_a,y119,4,A,,0,7,11,13,0.28,0.34,0.28,105.1,M
E_4_t0_b,y119,4,B,,0,6,8,12,0.3,0.3,0.37,105.3,M
E_4_t5_a,y119,4,A,0.5,5,6,11,13,0.4,0.43,0.32,94.6,M
E_4_t5_b,y119,4,B,0.5,5,5,12,13,0.52,0.4,0.32,104.3,M
E_5_t0_a,y119,5,A,,0,6,12,13,0.27,0.33,0.29,137.4,M
E_5_t0_b,y119,5,B,,0,8,12,14,0.18,0.26,0.24,134.2,M
E_5_t5_a,y119,5,A,0.5,5,8,12,13,0.17,0.26,0.22,136.1,M
E_5_t5_b,y119,5,B,0.5,5,5,13,14,0.37,0.37,0.32,82.2,M
E_6_t0_a,y119,6,A,,0,8,12,14,0.18,0.27,0.26,116.7,M
E_6_t0_b,y119,6,B,,0,9,12,14,0.14,0.23,0.23,131,M
E_6_t5_a,y119,6,A,0.5,5,12,14,19,0.05,0.1,0.27,76.9,M
E_6_t5_b,y119,6,B,0.5,5,12,14,15,0.34,0.19,0.19,109.8,M
E_7_t0_a,y119,7,A,,0,8,12,13,0.17,0.28,0.24,117.5,M
E_7_t0_b,y119,7,B,,0,7,12,13,0.2,0.3,0.27,127.1,M
E_7_t5_a,y119,7,A,0.5,5,6,12,14,0.35,0.43,0.35,79.4,M
E_7_t5_b,y119,7,B,0.5,5,2,10,12,1,0.72,0.51,71.2,M
E_8_t0_a,y119,8,A,,0,8,13,14,0.17,0.23,0.22,95.2,M
E_8_t0_b,y119,8,B,,0,8,13,14,0.11,0.27,0.24,108.8,M
E_8_t5_a,y119,8,A,0.5,5,7,12,13,0.26,0.32,0.27,108.9,M
E_8_t5_b,y119,8,B,0.5,5,6,12,13,0.4,0.36,0.29,119.8,M
E_9_t0_a,y119,9,A,,0,7,12,13,0.22,0.32,0.27,106.8,M
E_9_t0_b,y119,9,B,,0,9,12,14,0.14,0.22,0.21,136.2,M
E_9_t5_a,y119,9,A,0.5,5,9,13,16,0.24,0.26,0.29,68.2,M
E_9_t5_b,y119,9,B,0.5,5,7,13,15,0.29,0.31,0.3,62.6,M
F_1_t0_a,y054,1,A,,0,1,9,13,,0.64,0.59,39.5,M
F_1_t0_b,y054,1,B,,0,1,5,10,,0.61,0.55,39.1,M
F_1_t5_a,y054,1,A,0.5,5,4,10,11,0.66,0.44,0.43,27.2,M
F_1_t5_b,y054,1,B,0.5,5,2,8,10,0.54,0.56,0.42,35.3,M
F_10_t0_a,y054,10,A,,0,2,10,11,0.5,0.5,0.36,41.4,M
F_10_t0_b,y054,10,B,,0,3,10,13,0.39,0.51,0.44,29.2,M
F_10_t5_a,y054,10,A,0.5,5,1,10,10,,0.54,0.51,16.9,M
F_10_t5_b,y054,10,B,0.5,5,2,10,12,0.64,0.58,0.45,21.8,M
F_11_t0_a,y054,11,A,,0,0,9,10,,0.77,0.56,59.5,M
F_11_t0_b,y054,11,B,,0,0,3,10,,0.56,0.61,27.5,M
F_11_t5_a,y054,11,A,0.5,5,0,6,9,,0.8,0.7,15,M
F_11_t5_b,y054,11,B,0.5,5,0,11,11,,0.49,0.48,21.5,M
F_12_t0_a,y054,12,A,,0,1,8,10,,0.71,0.49,57.1,M
F_12_t0_b,y054,12,B,,0,2,7,9,0.72,0.63,0.48,53.8,M
F_12_t5_a,y054,12,A,0.5,5,2,6,11,0.72,0.63,0.58,29.8,M
F_12_t5_b,y054,12,B,0.5,5,0,6,7,,0.84,0.57,66,M
F_2_t0_a,y054,2,A,,0,2,9,10,0.58,0.7,0.6,21.2,M
F_2_t0_b,y054,2,B,,0,3,6,10,0.52,0.51,0.49,47.7,M
F_2_t5_a,y054,2,A,0.5,5,2,10,11,0.46,0.56,0.43,33,M
F_2_t5_b,y054,2,B,0.5,5,1,9,12,,0.62,0.52,29,M
F_3_t0_a,y054,3,A,,0,2,9,12,0.42,0.58,0.5,35.7,M
F_3_t0_b,y054,3,B,,0,2,5,10,0.57,0.62,0.54,36,M
F_3_t5_a,y054,3,A,0.5,5,2,10,11,0.78,0.67,0.57,10.8,M
F_3_t5_b,y054,3,B,0.5,5,1,9,10,,0.61,0.65,11.7,M
F_4_t0_a,y054,4,A,,0,0,2,9,,0.58,0.65,25.1,M
F_4_t0_b,y054,4,B,,0,1,8,10,,0.76,0.52,42.3,M
F_4_t5_a,y054,4,A,0.5,5,3,11,13,0.82,0.48,0.4,32.7,M
F_4_t5_b,y054,4,B,0.5,5,0,7,8,,0.66,0.49,17.7,M
F_5_t0_a,y054,5,A,,0,2,8,10,0.62,0.63,0.47,45.3,M
F_5_t0_b,y054,5,B,,0,2,4,9,0.6,0.48,0.53,46.7,M
F_5_t5_a,y054,5,A,0.5,5,9,11,11,0.63,0.31,0.3,13.1,M
F_5_t5_b,y054,5,B,0.5,5,2,10,11,0.4,0.62,0.51,16.6,M
F_6_t0_a,y054,6,A,,0,5,10,12,0.18,0.37,0.29,54.6,M
F_6_t0_b,y054,6,B,,0,8,22,25,0.41,0.51,0.37,20.4,M
F_6_t5_a,y054,6,A,0.5,5,5,8,11,0.17,0.32,0.36,49.6,M
F_6_t5_b,y054,6,B,0.5,5,5,10,12,0.48,0.35,0.37,39.6,M
F_7_t0_a,y054,7,A,,0,2,5,10,0.5,0.48,0.52,40.1,M
F_7_t0_b,y054,7,B,,0,1,4,9,,0.65,0.61,43.8,M
F_7_t5_a,y054,7,A,0.5,5,3,10,10,0.42,0.53,0.49,20.8,M
F_7_t5_b,y054,7,B,0.5,5,1,6,7,,0.53,0.53,16.1,M
F_8_t0_a,y054,8,A,,0,2,11,12,0.52,0.62,0.56,23,M
F_8_t0_b,y054,8,B,,0,3,7,12,0.51,0.53,0.52,27.2,M
F_8_t5_a,y054,8,A,0.5,5,2,8,12,0.63,0.62,0.52,29.7,M
F_8_t5_b,y054,8,B,0.5,5,2,7,10,0.33,0.65,0.49,26.5,M
F_9_t0_a,y054,9,A,,0,2,6,11,0.56,0.64,0.54,33.5,M
F_9_t0_b,y054,9,B,,0,2,10,12,0.72,0.69,0.54,22.2,M
F_9_t5_a,y054,9,A,0.5,5,7,11,12,0.72,0.4,0.39,17.5,M
F_9_t5_b,y054,9,B,0.5,5,3,12,13,0.45,0.42,0.4,15.9,M
G_1_t0_a,y003,1,A,,0,11,12,12,0.08,0.1,0.1,208.4,M
G_1_t0_b,y003,1,B,,0,12,13,14,0.06,0.08,0.13,164.3,M
G_1_t5_a,y003,1,A,0.5,5,4,14,17,0.47,0.45,0.39,41.4,M
G_1_t5_b,y003,1,B,0.5,5,0,12,15,,0.62,0.49,40.1,M
G_10_t0_a,y003,10,A,,0,11,12,13,0.06,0.09,0.14,224.2,M
G_10_t0_b,y003,10,B,,0,11,12,13,0.06,0.08,0.13,247.7,M
G_10_t5_a,y003,10,A,0.5,5,16,20,21,0.51,0.3,0.3,33.5,M
G_10_t5_b,y003,10,B,0.5,5,0,13,14,,0.7,0.6,26.1,M
G_11_t0_a,y003,11,A,,0,12,12,14,0.07,0.06,0.15,171.2,M
G_11_t0_b,y003,11,B,,0,11,12,13,0.05,0.07,0.11,183.5,M
G_11_t5_a,y003,11,A,0.5,5,3,10,12,0.48,0.56,0.4,71.7,M
G_11_t5_b,y003,11,B,0.5,5,0,9,12,,0.78,0.57,50,M
G_12_t0_a,y003,12,A,,0,10,11,12,0.06,0.07,0.12,236.7,M
G_12_t0_b,y003,12,B,,0,11,11,12,0.07,0.07,0.1,247.8,M
G_12_t5_a,y003,12,A,0.5,5,13,16,21,0.07,0.14,0.28,42.2,M
G_12_t5_b,y003,12,B,0.5,5,16,18,20,0.23,0.13,0.15,64.5,M
G_2_t0_a,y003,2,A,,0,11,12,13,0.07,0.09,0.14,255.5,M
G_2_t0_b,y003,2,B,,0,12,13,14,0.06,0.07,0.1,180.1,M
G_2_t5_a,y003,2,A,0.5,5,14,16,19,0.12,0.12,0.23,43.8,M
G_2_t5_b,y003,2,B,0.5,5,15,17,21,0.08,0.12,0.24,37.4,M
G_3_t0_a,y003,3,A,,0,11,12,13,0.09,0.1,0.14,217.9,M
G_3_t0_b,y003,3,B,,0,12,12,14,0.06,0.06,0.14,248.5,M
G_3_t5_a,y003,3,A,0.5,5,1,14,14,,0.64,0.62,21.3,M
G_3_t5_b,y003,3,B,0.5,5,0,12,15,,0.8,0.56,36,M
G_4_t0_a,y003,4,A,,0,10,11,12,0.12,0.1,0.12,262.6,M
G_4_t0_b,y003,4,B,,0,11,12,13,0.05,0.07,0.11,240.8,M
G_4_t5_a,y003,4,A,0.5,5,6,14,18,0.4,0.41,0.39,43.6,M
G_4_t5_b,y003,4,B,0.5,5,1,13,15,,0.68,0.53,32.3,M
G_5_t0_a,y003,5,A,,0,10,11,12,0.11,0.09,0.11,272.7,M
G_5_t0_b,y003,5,B,,0,11,11,12,0.09,0.08,0.12,148.9,M
G_5_t5_a,y003,5,A,0.5,5,2,10,17,0.47,0.54,0.56,43.4,M
G_5_t5_b,y003,5,B,0.5,5,1,13,15,,0.6,0.48,48.9,M
G_6_t0_a,y003,6,A,,0,9,11,12,0.11,0.14,0.18,178.3,M
G_6_t0_b,y003,6,B,,0,12,12,14,0.06,0.06,0.14,212.5,M
G_6_t5_a,y003,6,A,0.5,5,4,13,16,0.58,0.49,0.39,39.1,M
G_6_t5_b,y003,6,B,0.5,5,1,13,20,,0.62,0.57,30.3,M
G_7_t0_a,y003,7,A,,0,10,11,12,0.19,0.14,0.16,223.1,M
G_7_t0_b,y003,7,B,,0,10,11,12,0.1,0.1,0.13,264.3,M
G_7_t5_a,y003,7,A,0.5,5,9,12,13,0.18,0.24,0.22,94.2,M
G_7_t5_b,y003,7,B,0.5,5,5,12,13,0.3,0.4,0.32,76.3,M
G_8_t0_a,y003,8,A,,0,11,12,14,0.4,0.22,0.22,158.3,M
G_8_t0_b,y003,8,B,,0,11,12,13,0.47,0.25,0.23,243.8,M
G_8_t5_a,y003,8,A,0.5,5,0,13,14,,0.47,0.41,51.7,M
G_8_t5_b,y003,8,B,0.5,5,0,12,13,,0.52,0.45,182.8,M
G_9_t0_a,y003,9,A,,0,12,12,14,0.07,0.06,0.14,201,M
G_9_t0_b,y003,9,B,,0,12,13,14,0.06,0.08,0.12,192.3,M
G_9_t5_a,y003,9,A,0.5,5,7,15,16,0.37,0.33,0.31,30.5,M
G_9_t5_b,y003,9,B,0.5,5,7,16,22,0.6,0.44,0.43,35.2,M
H_1_t0_a,y126,1,A,,0,5,9,10,0.31,0.29,0.25,185.1,M
H_1_t0_b,y126,1,B,,0,6,9,10,0.49,0.26,0.26,165.2,M
H_1_t5_a,y126,1,A,0.5,5,6,10,11,0.3,0.35,0.26,132.2,M
H_1_t5_b,y126,1,B,0.5,5,5,10,11,0.58,0.41,0.3,134,M
H_10_t0_a,y126,10,A,,0,8,10,12,0.64,0.35,0.3,112.7,M
H_10_t0_b,y126,10,B,,0,2,10,12,0.54,0.56,0.42,61.7,M
H_10_t5_a,y126,10,A,0.5,5,6,12,13,0.33,0.38,0.35,37.2,M
H_10_t5_b,y126,10,B,0.5,5,7,11,14,0.76,0.41,0.39,54.8,M
H_11_t0_a,y126,11,A,,0,6,11,12,0.32,0.27,0.27,138.5,M
H_11_t0_b,y126,11,B,,0,5,10,11,0.39,0.38,0.3,111.1,M
H_11_t5_a,y126,11,A,0.5,5,12,14,18,0.38,0.26,0.35,43.1,M
H_11_t5_b,y126,11,B,0.5,5,10,12,14,0.44,0.25,0.26,80.8,M
H_12_t0_a,y126,12,A,,0,7,10,12,0.31,0.31,0.25,110.5,M
H_12_t0_b,y126,12,B,,0,5,10,12,0.22,0.37,0.3,67.6,M
H_12_t5_a,y126,12,A,0.5,5,6,10,12,0.39,0.35,0.31,109.3,M
H_12_t5_b,y126,12,B,0.5,5,8,11,12,0.18,0.19,0.2,127.6,M
H_2_t0_a,y126,2,A,,0,7,9,10,0.48,0.27,0.23,195.3,M
H_2_t0_b,y126,2,B,,0,5,9,10,0.44,0.41,0.29,137,M
H_2_t5_a,y126,2,A,0.5,5,11,13,15,0.4,0.22,0.25,41.4,M
H_2_t5_b,y126,2,B,0.5,5,7,11,12,0.32,0.28,0.25,99,M
H_3_t0_a,y126,3,A,,0,5,10,11,0.54,0.35,0.31,161.1,M
H_3_t0_b,y126,3,B,,0,3,9,10,0.58,0.52,0.37,125.6,M
H_3_t5_a,y126,3,A,0.5,5,9,12,14,0.44,0.29,0.29,83.8,M
H_3_t5_b,y126,3,B,0.5,5,7,11,12,0.34,0.26,0.25,86.8,M
H_4_t0_a,y126,4,A,,0,5,10,11,0.39,0.3,0.27,167.9,M
H_4_t0_b,y126,4,B,,0,4,10,11,0.44,0.39,0.31,109.2,M
H_4_t5_a,y126,4,A,0.5,5,14,16,17,0.61,0.28,0.27,25.5,M
H_4_t5_b,y126,4,B,0.5,5,14,16,17,0.66,0.32,0.31,28.5,M
H_5_t0_a,y126,5,A,,0,5,11,12,0.47,0.35,0.33,76.1,M
H_5_t0_b,y126,5,B,,0,3,10,12,0.71,0.49,0.39,58.3,M
H_5_t5_a,y126,5,A,0.5,5,14,16,16,0.44,0.22,0.22,42,M
H_5_t5_b,y126,5,B,0.5,5,9,15,17,0.46,0.31,0.3,42.8,M
H_6_t0_a,y126,6,A,,0,2,9,10,0.44,0.52,0.39,108.3,M
H_6_t0_b,y126,6,B,,0,4,10,11,0.47,0.42,0.34,104.7,M
H_6_t5_a,y126,6,A,0.5,5,7,11,14,0.6,0.36,0.37,53.3,M
H_6_t5_b,y126,6,B,0.5,5,2,11,13,0.63,0.5,0.41,55.7,M
H_7_t0_a,y126,7,A,,0,3,10,11,0.59,0.49,0.38,79.4,M
H_7_t0_b,y126,7,B,,0,6,11,12,0.3,0.31,0.27,103.6,M
H_7_t5_a,y126,7,A,0.5,5,4,12,13,0.56,0.45,0.36,69.8,M
H_7_t5_b,y126,7,B,0.5,5,2,10,11,0.61,0.55,0.4,82.4,M
H_8_t0_a,y126,8,A,,0,3,10,12,0.35,0.44,0.37,58.6,M
H_8_t0_b,y126,8,B,,0,4,9,10,0.61,0.51,0.37,132.6,M
H_8_t5_a,y126,8,A,0.5,5,1,1,1,,,,2.5,M
H_8_t5_b,y126,8,B,0.5,5,1,1,1,,,,1.7,M
H_9_t0_a,y126,9,A,,0,6,9,10,0.39,0.32,0.22,203.1,M
H_9_t0_b,y126,9,B,,0,6,9,10,0.41,0.32,0.24,137.1,M
H_9_t5_a,y126,9,A,0.5,5,10,12,13,0.36,0.22,0.2,100.5,M
H_9_t5_b,y126,9,B,0.5,5,10,12,13,0.47,0.26,0.24,98.3,M
